{
    "Table": [
        {
            "StageID": 1,
            "TimeLimit": 99,
            "BerryCount": 1,
            "StartPosition": {
                "x": 0.0,
                "y": 18.5,
                "z": 0.0
            }
        },
        {
            "StageID": 2,
            "TimeLimit": 110,
            "BerryCount": 3,
            "StartPosition": {
                "x": -4.199999809265137,
                "y": 7.53000020980835,
                "z": 64.19999694824219
            }
        },
        {
            "StageID": 3,
            "TimeLimit": 200,
            "BerryCount": 3,
            "StartPosition": {
                "x": 0.14000000059604646,
                "y": 27.469999313354493,
                "z": -5.0
            }
        }
    ]
}